title	embed_code	views	likes	upload_date	summary
엥 마크에서 체력이 한칸??	https://www.youtube.com/embed/2wYYTPQ7oVo	231,444	43,038	2023-11-30	구독을 누르면 최대 체력이 줄어들고 좋아요를 누르면 최대 체력이 증가한다. 그렇다면 손쉽게 야생할 수 있겠다. 좀비도 손쉽게 잡을 수 있고 워드도 잡을 수 있다. 크리퍼 군단이 와도 절대 안 죽을 것 같다.
'발'로 해봤습니다 ㅋㅋㅋㅋ #무한의계단 #모바일게임	https://www.youtube.com/embed/4j-2V7uesx4	310,070	32,941	2023-11-29	발로 해도 너보다 잘하겠다 그래서 무한의 계단 PVP 한 번이라도 이기 천 점이라도 도전해 보겠다 아 잠깐만 진짜 지날 거 같은데 아 진짜 진짜 지나갈 거 같은데 아 잠깐만 아 진짜 진짜 지나가다 발로해도 저보다 잘할 것 같은 사람 구독과 댓글 남겨주 발로해도 저보다 잘할 것 같은 사람 구독과 댓글 남겨주 발로해도 저보다 잘할 
네더라이트 세상이 된 마인크래프트 #shorts	https://www.youtube.com/embed/dpHhS-OhVHg	194,098	9,834	2023-11-30	네더라이트 블록을 캐는 것이 오늘의 목표인데 다이아 곡괭이가 필요한데 주민 말 그러면 또 네더 라이트로 바뀌는 거냐고 하면 안 돼 블록도 해면은 네더 라이트로 나오나 네드라 파편이 나오는데 막대기가 없으면 다이아를 얻어도 의미가 없어 막대기를 어떻게 얻지 못먹을 캐 가지고 자동으로 입이 켜지게 만들어보자 도구 대장장이나 거래를 하는 
여러분들은 설명을 듣고 맞출 수 있나요?	https://www.youtube.com/embed/RgXXsSZVTRg	203,899	11,719	2023-11-29	스피드 퀴즈를 합니다 문제를 보고 설명해 주는 사람과 설명을 듣고 맞추는 사람이 한 팀입니다 가장 많이 맞춘 팀에게 만 원을 드리겠습니다 민서 세도 어떤 박사를 정치하는 것입니다 누구를 아세요 황박사 누구를 아세요 황박사 얼굴이 못생겼다 할때 뭐라고 해 내 얼굴 상대 얼굴이 못생겼다 할때 뭐라고 해 내 얼굴 외개인 아니요 아니요 
신의 계시를 받아 이 싸움을 멈추러 왔다	https://www.youtube.com/embed/_HuAdTou_kI	182,323	7,480	2023-11-30	공룡 왕국에서 퇴출 당한 것이 아니라 바다 왕국의 왕이 되어서 바다 왕국에 있는 분쟁을 없애고 평화를 가져오고 싶어 왔다. 그런데 왜 이렇게 지들끼리 싸워 싸우는지 모르겠다. 그래서 나는 바다 왕국의 왕이 된 것이 아니라 바다 왕국의 왕이 된 것이다. 그래서 나는 바다 왕국의 왕이 된 것이다.
[ 불도그 LIVE 생방송 11/29 ] 리니지m 전섭2위캐릭 암흑기사 클래스체인지 지금바로갑니다! 신화장갑삽니다!! 급구! #리니지M #홀덤 #빨무 #개운디	https://www.youtube.com/embed/gDmKI1zRM6Y	188,615	2,146	2023-11-29	클래스 체인지 대형 컨텐츠인 암흑기사 클체 이벤트를 진행하고 있습니다. 이벤트 클래스 체인지 클릭을 통해 다이아를 충전하고 아이템을 바꿔 물약을 충전하면 됩니다. 다이아를 충전하는 순간 세공이 사라져요 그래서 스킬을 바꿀 때 스킬을 바꿀 때 스킬을 바꿀 때 스킬을 바꿀 때 스킬을 바꿀 때 스킬을 바꿀 때 스킬을 바꿀 때 스킬을 바꿀 때
(44화) 아이돌학교 - 인성논란 #삐야기 #제페토 #로블계 #추천 #아이브	https://www.youtube.com/embed/42tXyI1kMnM	137,283	9,749	2023-11-30	우리 이름이 뭐니 민지예 나중에 커서 데비 젤처럼 멋진 아이돌이 될 거예요 잼민이들아 아이돌은 아무나 되는 줄 알아 우리 이름이 민지예 라고 하면 다들 어떻게 생각해 그래 우리 이름이 민지예라고 하면 다들 다 아는 거 아니냐고 우리 이름이 민지예라고 하면 다들 다 아는 거 아니냐고 그럼 다들 다 아는 거 아니냐고
동네에서 스타 2인자라며 거들먹거리는 상대 ... 양학당할 다음 상대로 홍구를 지목하는데...???	https://www.youtube.com/embed/PBEBBvfTb1w	83,034	1,255	2023-12-01	커세어를 뽑을 시간에 더 열심히 살려 봐 라고 했는데 왜 이렇게 말해 나와 왜 이렇게 말해 나와 왜 이렇게 말해 나와 왜 이렇게 말해 나와 왜 이렇게 말해 왜 이렇게 말해 나와 왜 이렇게 말해 사람을 가면서 건드려야 되는 거냐고 왜 이렇게 말해 사람을 잡으면서 건드려야 되는 거냐고 했다.
이 영상에서 포켓몬은 식량입니다!	https://www.youtube.com/embed/9bWxe6ZwLz8	77,556	5,309	2023-11-30	랜덤 포켓몬을 소환하려고 하는데 그 포켓몬을 보면 떨어는 먹거리를 여러분께 드리려고 합니다 영상은 우 족자입니다 구독과 따 봉으로 힘을 넣어주세요 자 선 무지기 색지에 큐토리 열매 하나도 얹어 줬는데 왕눈해 왔습니다 맛있는 해파리를 소물 드리려고 했는데 안 팔더라고요 대신 왕눈 파워퍼프걸 기 선물 드리겠습니다 다음 주로도 비슷하게 짬뽕으로 었는데 
1분타워 하드모드? 이제 1분만에 깨는것이 엄청 어려워졌다 ㄷㄷ (로블록스 1분타워 1편)	https://www.youtube.com/embed/9aUNtBP7Vbo	122,249	2,427	2023-11-30	우리 같이 투어를 해보도록 하겠습니다 일단 여러분들의 실력을 보고 초를 정해야 되는데 같이 회의를 하자고 하자 나는 그냥 여기서 있을 것 같아 빨리 퇴근하도록 하겠습니다 이렇게 되면 우리가 할 수 있는 것은 다 할 수 있을 것 같아 그렇게 되면 우리가 할 수 있는 것은 다 할 수 있을 것 같아 그렇게 생각을 하고 있습니다 여러분 
ALL 미드 바꿨더니 우승팀 돼버린 김민교팀	https://www.youtube.com/embed/lh3-Qi0Vvzw	433,440	2,767	2023-11-29	우리 바텀 바텀 바텀 바텀 바텀 바텀 바텀 바텀 바텀 바텀 바텀 바텀 바텀 바텀 바텀 바텀 바텀 바텀 바텀 바텀 바텀 바텀 바텀 바텀 바텀 바텀 바텀 바텀 바텀 바텀 바텀 바텀 바텀 바텀 바텀 바텀 바텀 바텀 바텀 바텀 바텀 바텀 바텀 바텀 바텀 바텀 바텀 바텀 바텀 바텀 바텀 바텀 바텀 바텀 바텀 바텀 바텀 바텀 바텀 바텀 바텀 바텀 바텀
로블록스인데 미스터비스트 입니다	https://www.youtube.com/embed/8U67jOv-y18	90,845	9,974	2023-11-30	미스터 비스트의 독특한 도전들 중 세 가지를 로블록스에서 제언해 보려고 합니다 좋아요 버튼을 누르고 함께이 보험에 참여해 주세요 미스터 비스트의 가장 높은 조회를 기록한 영상인 오징어 게임 영상에서 유리다리 건너기를 해 보도록 하겠습니다 오징어 게임 영상에서 유리다리 건너기를 해 보도록 하겠습니다 두 번째 장면 이건 믿을 수 없을 정도로 신기한데요 도리 
안싸워주고 상대 넥서스만 계속 부수면서 도망다니기ㅋㅋ	https://www.youtube.com/embed/EIpBoSaISYA	119,188	1,308	2023-11-30	상대가 질럿이 많을 수 있기 때문에 수비를 잘 해줘야 될 것 같다. 그리고 상대가 공격을 받을 가능성도 있기 때문에 수비를 잘 해줘야 될 것 같다. 그리고 상대가 공격을 받을 가능성도 있기 때문에 수비를 잘 해줘야 될 것 같다.
리니지m 암흑기사 클체완료 씹사기 죠씁니다	https://www.youtube.com/embed/JQ3h6jiA9E4	68,392	1,315	2023-11-30	리니지엠 하는 사람들은 스킬이 잘 안 보이는데 아이템을 잘 안 쓰는 것 같아 스킬을 좀 더 잘 써야 될 것 같다.
어깨 잔뜩 올라간 오세블리? 오늘 팀장이 바뀝니다..오팀장 강등 방어전!! [23.11.30 #3]	https://www.youtube.com/embed/Nuh2mH6a0jU	46,714	554	2023-11-30	방송을 안 본 사람들이 많아서 여자 팀장을 한 명만 뽑으려고 했는데 갑자기 오세블리 씨가 들어와서 갑자기 갑자기 무슨 말을 했냐고 물었다. 그래서 알겠다고 했다. 그리고 제가 한 번도 안 해본 여자 BJ를 한 명 뽑겠다고 했는데 갑자기 갑자기 한 명 밖에 안 뽑았다고 했다.
23.11.30(목) 【 인피쉰 생방송 다시보기 】 스타 빨무 스타크래프트 Starcraft	https://www.youtube.com/embed/zS--xwjn1SA	103,418	4,553	2023-11-30	우리 팀이 상대적으로 더 많이 나올 것 같은데 빌드가 별로 안 좋아 일단 물량을 좀 더 주면서 운영을 들어가야 될 것 같아요 그리고 최대한 천천히 하면서 최대한 빨리 가야 될 것 같아요 그리고 빌드를 꼭 써야 되는 이유가 있냐고 물었다.
🔴[리니지M 11월 30일] .  #리니지m #리니지2m #홀덤 #天堂M	https://www.youtube.com/embed/Jc84AVa18S4	54,323	1,246	2023-11-30	형들 구독 버튼 한번 눌러 달라고 했다. 형들 구독 버튼 눌러 달라고 했다. 형들 구독 안 하면 뭐 하냐고 물어 봤을 때 90 이상 나올 것 같다고 했다. 그래서 나는 그냥 아무 때나 방송을 키고 싶다. 그래서 그렇게 했다. 그래서 나는 그냥 아무 때나 방송을 키고 싶다. 그래서 그렇게 했다. 그래서 나는 투사가 너무 재미있는데 
[ 11. 30 live ] 리니지m 빛소닉 케릭 가져왔습니다. [ 불도그 수삼 ]	https://www.youtube.com/embed/u63DhSbDGuM	76,584	1,540	2023-11-30	리니지 자체적으로 렉이 심하다고 생각해서 계정을 정리하고 계정을 a 팀으로 넘겨 올 것이다. 그리고 계정을 정리하고 돈을 주면 계정을 다시 만들 수 있다.
천상계 비제이들 상대로 1대3 원맨쇼 양학하는 너구리 ㄷㄷ	https://www.youtube.com/embed/8VsVCcVpZjQ	430,299	2,357	2023-11-29	나 혼자 있으면 킬 좀 해 볼까 하다가 그냥 패스 하고 넘어 갈 것 같아 그냥 패스 하고 싶다 아 진짜 너무 좋아 나 진짜 죽을 것 같아 너무 좋아 그냥 패스 하고 싶다 아 진짜 너무 좋아 나 진짜 죽을 것 같아 너무 좋아 그냥 패스 하고 싶다 아 진짜 너무 좋아 나 진짜 너무 좋아 너무 좋아 너무 좋아 너무 좋아 
용모상박	https://www.youtube.com/embed/l6-0y6oe_fg	527,316	4,396	2023-11-29	탑 티모 게임 길이별 승률 3위 오서은 1위 1위는 우리 팀 킬 킬 킬 킬 킬 킬 킬 킬 킬 킬 킬 킬 킬 킬 킬 킬 킬 킬 킬 킬 킬 킬 킬 킬 킬 킬 킬 킬 킬 킬 킬 킬 킬 킬 킬 킬 킬 킬 킬 킬 킬 킬 킬 킬 킬 킬 킬 킬 킬 킬
3년만에 출연한 미드 누누 전세계 1위, 리하우 장인초대석 [테스터훈]	https://www.youtube.com/embed/q55Vj0kvqWc	192,868	1,814	2023-11-30	누누는 원딜을 할 때 라인 클리어가 빠르고 상대방이 원딜을 하면 상대방이 견제를 해서 딜이 잘 안 나온다. 그래서 로밍을 가면 상대방이 원딜을 견제하고 미니언을 잡아 먹는다. 그래서 상대방이 원딜을 견제하면 원딜이 킬을 못 하게 된다. 그래서 로밍을 가면 원딜을 견제하는 것이다.
장충동 왕족발 보쌈	https://www.youtube.com/embed/Ky1RQt4LKts	695,234	35,962	2023-11-28	아보 뭐야 이게 뭐냐고 이게 뭐냐고 이게 뭐냐고 이게 뭐냐고 이게 뭐냐고 이게 뭐냐고 이게 뭐냐고 이게 뭐냐고 이게 뭐냐고 이게 뭐냐고 이게 뭐냐고 이게 뭐냐고 이게 뭐냐고 이게 뭐냐고 이게 뭐냐고 이게 뭐냐고 이게 뭐냐고 이게 뭐냐고
남자인지 여자인지 맞춰보세요	https://www.youtube.com/embed/VbC97IXX5j4	334,975	11,765	2023-11-29	여자 같은 느낌이 드는 사람은 바로 청바지 누나인데 화장을 자주 하냐고 묻자 본인이 쓰는 아바타가 있냐고 물었다.
성인 98%는 무조건 들어오는 차덫	https://www.youtube.com/embed/qdSRY_BuodI	21,393	214	2023-11-30	포진이 여러 가지 두다 보니 예 둘 일이 별로 없다 보니 포진이 많이 쓰는 5번 기본수를 많이 쓰지 않고 5번 기본수를 많이 썼었다.
이걸 스타드롭⭐️에서 준다고😝?!	https://www.youtube.com/embed/DiKdL0j2cOo	155,152	6,269	2023-11-29	스타 드롭에서 좋은 거 뜬 거 있는지 댓글로 알려주세요 여러분들은 스타드롭에서 좋은 거 뜬 거 있나요 댓글로 알려주세요 스타드롭에서 좋은 거 뜬 거 있나요 스타드롭에서 좋은 거 뜬 거 있나요 스타드롭에서 좋은 거 뜬 거 있나요 스타드롭에서 좋은 거 뜬 거 있나요 스타드롭에서 좋은 거 뜬 거 있나요 댓글로 알려주세요
급못타도전 6일차) 오늘이 마지막화일듯.. #로블록스 #로블계 #추천 #잼못타 #급못타	https://www.youtube.com/embed/51AoeU1G_aU	141,554	8,171	2023-11-29	내가 좋아하는 색깔인 보라색을 해 볼까 했는데 다 없어지고 투명 길도 찾을 수 있어 너무 아쉽다 다음은 어떤 타워 챌린지를 해야 되지 연습 많이 했는데 결국 대저택에서 내가 제일 못 하더라고 아 집사님은 워업 박자에 맞춰서 탁탁탁 하던데 나는왜 이렇게 난리를 차지 되는 거냐고 아 포기해야 돼 아니면 어떻게 연습해야 돼 댓글을 알려 줘
얘 왜 우냐?	https://www.youtube.com/embed/H1_c2INxjIY	104,040	1,081	2023-11-30	노래를 너무 잘 한다며 노래를 잘 한다며 노래를 잘 한다며 노래를 잘 한다며 노래를 잘 한다며 노래를 잘 한다며 노래를 잘 한다며 노래를 잘 한다며 노래를 잘 한다며 노래를 잘 한다며 노래를 잘 한다며 노래를 잘 한다며 노래를 잘 한다며 노래를 잘 한다며 노래를 잘 한다며 노래를 잘 한다며 노래를 잘 한다며 노래를 잘 
갓 브릿지웜 VS 타카맨 타스맨 여러분의 선택은? #shorts	https://www.youtube.com/embed/JtFphm1UOzg	46,759	8,155	2023-11-30	갓 브릿지과정 IIm 타스민이 싸움에서 누가 이길 것 같냐는 카맨 카스맨이 이길 것 같으면 좋아요 꾹 카브릿지 엄이 이길 것 같으면 댓글을 남겨 달라는 카맨 카스맨이 이길 것 같으면 좋아요 꾹 카브릿지 엄이 이길 것 같으면 댓글을 남겨 달라는 카브릿지 엄이 이길 것 같으면 댓글을 남겨 달라는 카브릿지 엄이 이길 것 
올바른 지구촌 생활 (ft. 오너 & 제우스)	https://www.youtube.com/embed/3iwUhUviicI	132,705	5,227	2023-11-30	바쁜 정글을 위해 따뜻한 마음 올바른 지구촌 생활이다 라는 말을 꼭 해야 한다.
세트 아빠가 '드레이븐' 이라고?! #shorts	https://www.youtube.com/embed/g3UyxGRirjQ	171,993	5,006	2023-11-30	과거 세트가 처음 출시되었을 때 드레이븐이 세트의 아빠가 아니냐는 의견이 나온 적이 있습니다 그러나 드레이븐 과 달리 레전드 오브 룬테라의 미라가 추가되며 세트의 아버지로 추정되는 인물이 또 한번 제기되었습니다 미라의 추종자 고참이라고 세트와 같이 주먹을 쓴다는 점과 세트가 자신이 싫어하는 사람과 묘하게 닮았다는 언급 고참 또한 딴 사람도 아닌 세트 엄마를
이 땅은 60초 후에 무너집니다!	https://www.youtube.com/embed/FJoxYJ9yLHQ	117,051	13,194	2023-11-29	탈출 방법이 적혀 있는 책을 찾는 것이 유일하게 탈출할 방법이다 탈출 방법이 적혀 있는 책을 찾는 것이 유일하게 탈출할 방법이다 여러분이 구독과 좋아요를 눌러 준다면 비어 있는 상자가 다득 차 있는 기적을 볼 수 있을 것이다 그러니 구독과 좋아요를 눌러 주고 댓글도 써 주시는 거 잊지 말고 마지막 집으로 가서 탈출한
ALL 스크림에서 적으로 만나 클라스 보여주는 앰비션과 크라운	https://www.youtube.com/embed/Gn4iBLUFvTY	151,977	1,371	2023-11-29	김 씨는 자기가 탑을 잘 잡고 잘 가야 한다고 하면서 탑을 한번 더 밀어 달라고 했다. 나는 그냥 그냥 탑을 좀 더 밀어 달라고 했다. 나는 탑을 좀 더 잘 잡고 올라갈 수 있도록 해달라고 했다. 나는 탑을 좀 더 잘 잡고 올라갈 수 있도록 해달라고 했다.
걷는 것도 돈 내야 한다 #Shorts	https://www.youtube.com/embed/A7M1tH3QBy0	73,739	2,721	2023-11-30	게노스 한 호화로운 리조트 맵을 추천받았다 여기 철창 안에 있는 게노스 한 호화로운 리조트 맵을 추천받았다 임시 도보 아이템을 구매할까요 13 로벅 잠깐 걷는 건데 돈을 내야 돼 조금만 걸어야 되는 거 최대한 대각선으로 뭐 이런 리조트가 다 있어 임시 도보 아이템을 구매할까요 13 로벅 잠깐 걷는 건데 돈을 내야 돼 조금만
끝없는 지하통로에서 [8번 출구]를 찾는 공포게임 (실사 그래픽ㄷㄷ)	https://www.youtube.com/embed/2J7edpvbD9U	161,591	4,263	2023-11-30	게임 스토리는 당신은 끝없는 지하 통로에 갇혀 있습니다 주변을 주의깊게 관찰하여 8번 출구에 도달하라고 합니다 게임 가격은 4천 원이고 게임 플레이 방법은 게임 플레이 방법이 있는데 이상 현상을 발견하면 즉시 뒤로 돌아가라 합니다 이상 현상을 발견하지 못하면 돌아가지 말라고 합니다 게임 플레이 방법이 있는데 이상 현상을 지나치지 말라고 합니다 게임 플레이 방법이 있는데 
💌아깅이 너 내 동료가 돼라💥나랑 유크타 갈래?😝❤ #로블계 #추천 #로블록스 #어른은못깨는점프맵 #점프맵 #대저택 #또이또이	https://www.youtube.com/embed/6dGvDyT5q8k	82,077	5,268	2023-11-29	유크 타는 구독자들과 협동하는 시참 점프 맵이라 스테이지를 클리어할수록 더 많은 유튜브 굿즈도 받을 수 있는데 올해는 미니 냉장고가 너무 갖고 싶어 아갱이 초대하려고 해 또이가 열심히 도와줄테니까 또이랑 힘을 합쳐서 유크타 빡 발라 보자 우리가 상품 다 휩쓸어 버리는 것 날짜는 12월 2일 토요일 6시에 생방송 시작한다고 하니 
게임에 페미가 나오는 이유	https://www.youtube.com/embed/6P4iYOBw-sQ	183,722	5,272	2023-11-30	한국 게임 산업과 페미니즘에 대해 가볍게 알아보자면 트위터는 여성 혐오를 위한 플랫폼으로 성장했고 여성 창작자들이 자신의 작업물을 공유하기 위해 활발하게 활동을 했다. 하지만 서브컬처 커뮤니티는 페미니즘에 대한 반감이 점점 심각해지고 있어 혐오 반응을 보이는 경우가 많아지고 있다.
더 강력해진 이상호의 THE ZD에 극락가버리는 이호형님 ㅋㅋㅋㅋ	https://www.youtube.com/embed/UOfPtz8fDko	276,356	2,279	2023-11-29	젠지 감독이 탈락을 했다고 하자 나는 선수들이 실수를 했다고 했다. 그래서 내가 수비를 잘 하는 것 같다고 말했다. 그런데 왜 수비를 잘 못하는 거냐고 물었다. 나는 그냥 키보드를 잡고 있었는데 왜 그렇게 말을 안 하냐고 물었다. 나는 그냥 키보드를 잡고 있었는데 왜 그렇게 말을 안 하냐고 물었다.
K-정글러라면 무조건 공감할 영상ㄷㄷ #shorts	https://www.youtube.com/embed/NV2PYMjlE8s	146,417	2,487	2023-11-30	럭스가 왜 항복을 해 1대 4하 했는데 왜 한국을 하는 거냐고 왜 핑을 찍는 이유가 뭐냐고 음악을 들어 보자 럭스가 왜 항복을 해 1대 4하 했는데 왜 우리가 네명 따는데 왜 한국을 하는 거냐고 왜 핑을 찍는 이유가 뭐냐고 음악을 들어 보자 럭스가 왜 항복을 해 1대 4하 했는데 왜 한국을 
홍박사 점프맵 vs 쟁반춤 점프맵 춤 100번 추기 대결! 너무 힘들어요 ㅋㅋ	https://www.youtube.com/embed/mxGtsvvI59I	61,361	1,001	2023-11-30	우리 집 앞에 있는 타워에서 춤을 추는 것은 백대 춤 타워 대 공박사 춤 타워 다 같이 춤을 추는 것은 백대 춤 타워 대 백 대 춤 타워 대 백 대 춤 이 세 가지 춤을 추는 것은 백 대 춤 이라고 한다.
마스터 이 서폿인데 웃는 미친 남자	https://www.youtube.com/embed/f1lBZgNTerA	617,971	4,411	2023-11-29	탑이 파괴되었습니다 탑이 문제입니다 탑이 파괴되었습니다 탑이 문제입니다 탑이 파괴되었습니다 탑이 문제입니다 탑이 문제입니다 탑이 파괴되었습니다 탑이 문제입니다 탑이 문제입니다 탑이 문제입니다 탑이 파괴되었습니다 탑이 문제입니다 탑이 문제입니다 탑이 문제입니다 탑이 문제입니다 탑이 문제입니다 탑이 문제입니다 탑이 문제입니다 탑이 문제입니다 탑이 문제입니다 
미래에서 온 전화ㅋㅋㅋㅋ	https://www.youtube.com/embed/wAfWMzQOkxk	53,841	2,301	2023-11-29	보이스 피싱이 끊어 끊어 보이스 피싱이 우와이 전화이 정말 과거에 우리한테 전화가 되네이네 달성 선달 우리가 궁금하다면 제프터 달선 구독 제프터 달선 구독 제프터 달선 구독 제프터 달선 구독 제프터 달선 구독 제프터 달선 구독 제프터 달선 구독 제프터 달선 구독 제프터 달선 구독 제프터 달선 구독 제프터 달
