title	embed_code	views	likes	upload_date	summary
금메달을 따고도 벌받는 중국 육상선수	https://www.youtube.com/embed/khcRDYHBlqM	2,072,839	23,303	2023-11-22	중국 여자 육상 선수는 금메달을 따고도 굳기 하나 없이 오로지 맨몸으로 우승 세레머니를 하고 있다 경기장은 정적이 흘렀고 아무도 그녀의 우승을 축하해 주는 사람이 없었다 
상남자 윤형빈에 대해 당신이 몰랐던 사실	https://www.youtube.com/embed/nhCAGHLNJbE	309,552	4,479	2023-11-30	윤형빈은 종합격투기 선수로 대뷔한 뒤 한일전에서 역전승을 거두며 유명세를 떨친 적이 있다 일본의 쇼유 니키는 엽기적인 애미를 서슴치 않는 광인이 있기에 기자회견장에서도 가책 없이 간장 테로를 자행했다 일각에서는 짜고치는 모습이라고 주장하고 있다 한다
대한민국 90대 스윙클라스 (93세 이길여 총장, 영상출처 길병원TV@gilmedicalcenter) 자선행사라고 하니 악풀삼가 플리즈!	https://www.youtube.com/embed/4lFaKMAqJhU	470,179	1,743	2023-11-28	하나 둘 셋 추면 다같이 크게 치겠습니다 하나 둘 셋 추면 다같이 크게 치겠습니다 하나 둘 셋 추면 다같이 크게 치겠습니다 하나 둘 셋 추면 다같이 크게 치겠습니다 하나 둘 셋 하나 둘 셋 하나 둘 셋 하나 둘 셋 하나 둘 셋 하나 둘 셋 하나 둘 셋 하나 둘 셋 <extra_id_23>
조기축구 온라인 메시 그리고 또 메시!!!	https://www.youtube.com/embed/1EqmbSKBQRc	529,221	24,505	2023-11-29	메시는 브라질 좋지 브라질 어 누구누구 나수요 빵상 깨랑까랑 브라질 좋지 브라질 어 누구누구 나수요 빵상 깨랑까랑 브라질 좋지 브라질 좋지 브라질 
한국파이터를 개무시한 일본인의 최후	https://www.youtube.com/embed/_Zf24ikS65g	1,375,584	29,924	2023-11-24	일본 선수가 한국 선수에게 강도 높은 간장 테로가 찾아오자 당황한 한국 선수는 진간장에 눈조차 뜨지 못하고 초크에 걸린다 
폼 이상하다고 하려 했는데 스승이 김성근 감독님 #shorts #최강야구	https://www.youtube.com/embed/4LgJx_MZOoA	346,678	4,687	2023-11-29	방망이 누구한테 배웠는지 경원이 방망이 연구한 것 밤에 스윙 누리면서 어 진짜 좋은데 어떤 것 때문에 맞는 것 때문에 좋은 것 때문에 좋은 것 때문에 좋은 것 때문에 좋다
감스트 맨유 3-3 무승부 이걸 비기네.. 개열받네요	https://www.youtube.com/embed/Yk-zxe6IhWU	618,850	13,922	2023-11-30	맨유 팬이 되기 위해 챔스 16강에 진출한 맨유 선수들에게 프리킥을 내주지 말아야 한다 우리는 무조건 이겨야 한다 우리가 우승하면 우승 트로피를 들고 떠나보자 아 진짜 개 빡세네 진짜 아 진짜 아 진짜 아 진짜 아 진짜 아 진짜 아 진짜 아 진짜 아 진짜 아 진짜 아 진짜 아 진짜 <extra_id_23>
나무를 달려 올라가는 선수들ㄷㄷ	https://www.youtube.com/embed/OBu5tyzuwCQ	625,187	0	2023-11-26	럼버잭 팀스의 나무 기둥 오르기 종목은 밧줄만을 이용해 상대보다 빠르게 기둥을 오르는 음악으로 말도 안 되는 엄청난 스피드를 보여준다 그들이 오르는 속도는 말도 안 되는 엄청난 스피드를 보여준다
결국 공을 버려버린 투수	https://www.youtube.com/embed/3EZa-JEhcx4	3,040,816	31,123	2023-11-17	마무리 투수 킹 부를 아웃카운트 한 개만을 남겨 놓은 상황에서 그는 들고 있던 공을 바닥에 버려 당황스러운 순간 모두가 숨죽이며 이를 지켜보는 가운데 주자는 보크로 인해 3루로 강제 진료하게 된다 
"""레이저 발사는 테러"" FIFA 고발 ""제발 그러지마"" 중국서도 비판 #Shorts (MBC뉴스)"	https://www.youtube.com/embed/JvkBuW9z_xw	642,980	11,266	2023-11-24	서 성신여대 교수는 중국 팬들의 신사적 행동을 국제 축구 연맹 피파에 고발했다고 밝혔다 
[최강야구 클로징] 시즌 20승 달성! MVP 발표와 아쉬운 이별 'Goodbye 원성준✨' | 최강야구 68회 | JTBC 231127 방송	https://www.youtube.com/embed/jdKTUvfDpmo	597,036	9,907	2023-11-27	최 씨는 우승을 차지한 연 팀의 선수로서 마지막 날을 보냈고 앞으로 더 열심히 해서 프로 야구 프로그램에 맞는 최강의 선수가 되도록 노력하겠다 말했다.
이경기는 결승전 올스타전이 아닙니다	https://www.youtube.com/embed/0Q_An2IF5c8	3,167,135	19,280	2023-11-15	중국 골키퍼의 행동에 세계가 정확하며 긴급한 상황 속 골키퍼는 패널티 킥을 막는데 실패해 버리고 선수들은 신경도 쓰지 않아 버립니다 모든 사건의 원인은 머머리 심판 때문에 생겨났습니다 
손흥민 세레모니에 발끈한 우레이 그런데 중국에서도...	https://www.youtube.com/embed/aGIkoHW2g-Y	442,207	6,218	2023-11-24	월드컵 예선전에서 중국은 태국 전에 승리하며 자신감이 붙었던 중국 축구에 결코 넘을 수 없는 벽이 있다는 걸 보여주며 씻을 수 없는 굴욕을 선사했다.
LG트윈스가 우승할 수밖에 없었던 41933가지 이유 | 야구돼장 이대호 EP3-1 오지환·박동원	https://www.youtube.com/embed/IjMowDdfhb4	344,380	8,188	2023-11-30	박 선수는 한국 시리즈 때 감이 갑자기 올라갔는데 그 이유는 한국 시리즈 준비할 때 팀이 중요했기 때문이다 그리고 한국 사람들이 많이 알아봐 줘서 실감이 잘 안 난다 했다.
"“중국에 크게 화가난 태국팀 결국 경기중 집단 행동” 경기내내 소림축구 시전하더니 대반전.. AFC, 중국팀 경기장 출입금지 사상초유 상황 태국 ""중국에겐 무예타이가 답이다"""	https://www.youtube.com/embed/PWKETrKw6DA	506,733	7,313	2023-11-30	중국 슈퍼리그 저장 FC 불을 상대로 중국 축구가 소림 축구를 보여줘서 논란이 되고 있다 중국은 아시아 챔피언스 리그 홈경기에서 자신들의 모고를 드러냈고 아시아 축구팬들은 이런 반응을 보였다 
손흥민 얼굴에 레이저 쏜 범인을 고발한 한국인	https://www.youtube.com/embed/l1xaQUKvZzI	325,518	7,902	2023-11-25	중국전에서 우리나라는 비매너 행위를 당한 일이 있었는데 중국 관중에 페널티 킥을 방해하기 위해 초록색 레이저를 쏜 것이다 이에 직접 중국을 피파에 고발한 한국인이 나타났다 서 성신여대 교수는 피파의 고발 메일을 보냈다고 했다 한다
자신이 없다 질 자신이	https://www.youtube.com/embed/e5w13vOaKJI	274,016	2,043	2023-11-24	대방은 상대방의 키를 제압해 기선을 제압하고 숨 기술을 걸어 넘어 성공했지만 대방은 패배할 수밖에 없었다 기세가 중요한 거 같다 기세가 중요한 거 같다 
"""우레이를 저렇게 가지고 논다고?"" 이강인이 중국이 자랑하는 축신 우레이를 어린애처럼 가지고 놀며 조롱하자, X같은 드리블로 우릴 모욕한다며 중국인들 극대노하는 상황"	https://www.youtube.com/embed/AvH9A2xHhtM	1,635,189	13,287	2023-11-25	중국 선수들은 이강인의 드리블에 모욕감을 느껴 경기를 포기하고 중국 선수들을 조롱하며 참교육을 시켰다고 설명했다 
14억 중국의 희망 우레이 한국전 활약상ㄷㄷㄷ #shorts	https://www.youtube.com/embed/V-TAhIgKmds	476,988	2,675	2023-11-22	레이에게 패스 우레이가 크로스 기회를 날려먹고 황 씨에게 맞자 경기를 중단 주심에게 엄청나게 지다가 우 치즈를 받네요 교체아웃 때는 우리입니다 교체아웃 때는 우리입니다 
손흥민 팔잡고 항의하는 우레이, 한국 선수 눈에 레이저나 쏘지 마라 #shorts	https://www.youtube.com/embed/3m5MTBYoWVo	951,882	12,350	2023-11-22	우레이는 손흥민이 중국인들에게 닥치라는 모욕적인 행동을 해서 닥쳐서 절했다 경기전 손흥민한테 더티 플레이 하자고 선동한 사람이 누구인지 번역 다 해 놨었다 
대한민국 격투기 역사상 가장 감동적인 첫승 #ufc  #shorts	https://www.youtube.com/embed/wteXsXwWIoM	932,970	11,599	2023-11-18	K1 다이너마이트에서 윤동식은 맨호프에게 먼저 라이트를 뻗어 보지만 맨호프는 무서운 펀치 세례로 되돌려 준다 이에 윤동식은 물러서지 않고 과감하게 맞불을 넣는다 
이 남자의 계획	https://www.youtube.com/embed/Hc303wkXwEY	133,429	1,636	2023-11-29	홈런 더비가 끝나자 홈런 공을 발견한 남성은 컵과 긴줄을 이용해 공을 집어 올릴 창의적인 계획을 세웁니다 성공적으로 공을 집어 올리자 관중들은 환호하며 박수를 보냅니다
돈이 아닌 야구를 사랑했던 인간 구대성	https://www.youtube.com/embed/d06wDV_ClA8	84,881	1,289	2023-11-29	구 씨는 선수 시절 돈을 쫓기보다 야구를 쫓았고 실력만큼이나 따뜻한 마음을 가진 선수였다 
통통통 #스롱	https://www.youtube.com/embed/g3n5T_xUU44	74,138	535	2023-11-29	통통통 몇 쿠션이 맞았는지 모를 정도로 많이 들어갔네 파운드만 수번 자 넷 통통이 두 번이었고 통통이 두 번이었다 통통이 두 번이었다 통통이 두 번이었다 통통이 두 번이었다
또 김판곤 말레이시아 14억 인도 박살냈다;; 4골 연속으로 퍼붓자 말레이 국왕 재계약 보너스 잭팟 터진 상황;;	https://www.youtube.com/embed/74hwHA0lYes	431,424	9,330	2023-11-30	말레이시아 대표팀을 이끌고 있는 김 감독은 인도를 꺾은 후 선수들의 식습관을 완전히 바꿔 놓았고 선수들의 작은 부분부터 김 감독의 지략을 칭찬했다 
"토트넘 내부 소식통 ""손흥민 막대한 보너스 조건 공개"" 프리미어리그 최고 연봉 조건?! (팩트체크)"	https://www.youtube.com/embed/G8MDgUoUwBU	167,641	4,829	2023-11-30	토트넘 스포에서 연일 월드 클래스 활약을 펼치고 있는 손 선수는 프리미어 리그 최고의 선수인데 이적료를 많이 받을 수 없는 상황에서 떠나버리면 계약을 체결할 수 있는 상황이다.
UFC에 등장한 괴물 ㄷㄷ	https://www.youtube.com/embed/FocSWlbG0rA	357,893	7,346	2023-11-28	중앙아시아 러시아 선수들이 레슬링 베이스가 정말 탄탄하다 라크노스 커리어를 밟아 갈까요 중앙아시아 러시아 선수들이 레슬링 베이스가 정말 탄탄하다 중앙아시아 러시아 선수들이 레슬링 베이스가 탄탄하다
속보, 박항서 감독 드디어 입열었다 베트남 재계약 관련 폭탄발언에발칵뒤집힌 베트남 현지상황 박감독 인터뷰 난리난 베트남언론	https://www.youtube.com/embed/f5OZdQj_7Pw	185,084	4,501	2023-11-30	베트남 언론은 박 감독이 베트남 축구에 기여하고 싶다고 말했으나 베트남 현지에서는 박 감독의 연봉이 매우 낮아 실망스럽다고 했다 베트남 누리꾼들은 박 감독이 우리 감독 같다고 했다 베트남 언론은 박 감독을 영입해야 한다고 했다 
"""중꺾마""의 마인드로 성공시킨 베컴의 역대급 프리킥"	https://www.youtube.com/embed/hG7Ln_38ygw	194,449	1,291	2023-11-27	잉글랜드는 그리스전 프리킥으로 2대 2 무승부를 이뤄 독일의 추격을 막고 1위 자리를 지켜 월드컵에 직행했다.
드라이버 비거리! 치고 멈춘다!	https://www.youtube.com/embed/nIt3Z2Lyk34	137,549	842	2023-11-27	탄력 관성을 이해하기 위해서는 공을 치고 멈춰 주는 동작을 어느 정도 가져 줘야 한다.
우드를 잘쳐야 파5에서 버디를 만들수 있어요!	https://www.youtube.com/embed/ExOYxgC8mPc	390,230	2,209	2023-11-23	우드는 바닥에서 치는 클럽 중에 가장 긴 클럽으로 백스윙을 무리해서 가거나 임팩트 때 어깨가 들리면 미스샷이 발생한다 이렇게 해보세요 우드를 잘 쓰면 버디를 만드는데 유리하지만 현실은 이러면 안 된다 현실은 이러면 안 된다
공작금 받은 김건희? #shorts	https://www.youtube.com/embed/LL3K_j5cbdQ	71,672	7,114	2023-11-30	김 씨 명품 수수 영상이 공개된 후 대통령실 관계자 발로 어디서 공작금을 받았는지 알아야 된다는 보도가 나왔는데 북한 연관설이 왜 안 나오나 싶었다 
등지고 수직낙하. 이건 진짜 대박 레슨입니다	https://www.youtube.com/embed/V3MSjknaDxs	115,336	1,887	2023-11-28	스님 탑에 올라가서 스님 탑에 오른 손이 오른쪽 허벅지 쪽으로 떨어진다라고 생각해 줘야 하고 스님 탑에 올라가서 손이 오른쪽 허벅지 쪽으로 떨어진다라고 생각해 줘야 한다.
＂오자마자 너무 귀여워❤️＂ 김성근 감독이 극찬한 최연소 알바생😎 첫 등장부터 형들 사랑 듬뿍받는 문교원 VS 중앙대 2차전(1)｜최강야구｜JTBC 231127 방송	https://www.youtube.com/embed/Lscg6_q_kuc	300,355	2,716	2023-11-28	몬스터즈 선발 투수 허 선수는 2학년의 유망주로 1번 타자 김 선수는 1번 타자 최 선수는 2번 타자 박 선수는 3번 타자 최 선수는 1번 타자 최 선수는 2번 타자 최 선수는 1번 타자 최 선수는 1번 타자 최 선수는 1번 타자 최 선수는 1번 타자 최 선수 있다.
